budget,genres,id,original_language,popularity,release_date,revenue,runtime,title,vote_average,vote_count,director,release_year,Year,budget_adjusted,revenue_adjusted
200000000.0,Action Drama Horror Science-Fiction Thriller,72190,en,81.834855,2013-06-20,531865000.0,116.0,World War Z,6.7,5560,Marc Forster,2013,2013,206052619.1528909,547960881.4287616
15000000.0,Action Adventure Drama Horror Science-Fiction,315011,ja,9.476999,2016-07-29,77000000.0,120.0,Shin Godzilla,6.5,143,Hideaki Anno,2016,2016,15000000.0,77000000.0
150000000.0,Drama Horror Action Thriller Science-Fiction,6479,en,70.867401,2007-12-14,585349010.0,101.0,I Am Legend,6.9,4853,Francis Lawrence,2007,2007,173631246.92536968,677565856.6188712
110000000.0,Thriller Action Fantasy Horror,1250,en,46.834704,2007-02-16,228738393.0,114.0,Ghost Rider,5.2,1712,Mark Steven Johnson,2007,2007,127329581.07860443,264774215.97530168
100000000.0,Action Fantasy Horror Mystery,9946,en,20.652943,1999-11-24,211989043.0,121.0,End of Days,5.5,482,Peter Hyams,1999,1999,144061824.729892,305395283.57323533
100000000.0,Drama Horror Mystery Thriller,2655,en,15.835672,2000-07-21,155464351.0,130.0,What Lies Beneath,6.3,488,Robert Zemeckis,2000,2000,139376887.340302,216681373.34760162
8000000.0,Horror Comedy Fantasy,16281,en,13.661289,1982-11-12,21028755.0,120.0,Creepshow,6.7,226,George A. Romero,1982,1982,19896953.36787565,52301019.70243524
80000000.0,Horror Thriller Fantasy Mystery,11618,en,19.375768,1999-07-23,91188905.0,113.0,The Haunting,5.2,369,Jan de Bont,1999,1999,115249459.78391358,131368400.4942077
0.0,Mystery Drama Horror,330770,fr,3.300061,2015-09-14,0.0,81.0,Evolution,6.4,47,Lucile Hadzihalilovic,2015,2015,0.0,0.0
78000000.0,Crime Thriller Horror,9533,en,10.083905,2002-09-29,209196298.0,124.0,Red Dragon,6.7,1115,Brett Ratner,2002,2002,104060844.91384102,279091583.6247137
80000000.0,Horror Mystery Thriller,11026,en,15.761384,2004-08-20,78000586.0,114.0,Exorcist: The Beginning,4.7,183,Renny Harlin,2004,2004,101644044.46797247,99103687.89889888
70000000.0,Horror Action Drama Fantasy War,49017,en,64.457947,2014-10-01,215529201.0,92.0,Dracula Untold,6.2,2389,Gary Shore,2014,2014,70967195.52581778,218507184.9841469
60000000.0,Adventure Action Horror,8814,en,29.261348,2005-10-20,55987321.0,105.0,Doom,5.0,609,Andrzej Bartkowiak,2005,2005,73734869.43164362,68803630.06270865
70000000.0,Fantasy Action Horror,52520,en,58.401204,2012-01-19,160112671.0,88.0,Underworld: Awakening,6.1,1862,M\u00e5ns M\u00e5rlind,2012,2012,73174778.08653536,167374416.70382065
69000000.0,Action Fantasy Horror,72331,en,38.634767,2012-06-20,112265139.0,94.0,Abraham Lincoln: Vampire Hunter,5.5,1269,Timur Bekmambetov,2012,2012,72129424.11387058,117356809.04541495
68000000.0,Drama Horror Science-Fiction Thriller,6171,en,26.792794,2003-03-21,75715436.0,136.0,Dreamcatcher,5.3,567,Lawrence Kasdan,2003,2003,88698239.1304348,98762144.82636957
65000000.0,Science-Fiction Action Horror Thriller Adventure,36648,en,49.660055,2004-12-08,128905366.0,123.0,Blade: Trinity,5.7,1252,David S. Goyer,2004,2004,82585786.13022764,163780784.42330334
65000000.0,Action Horror Science-Fiction,71679,en,6.227675,2012-09-12,240159255.0,95.0,Resident Evil: Retribution,5.6,1600,Paul W.S. Anderson,2012,2012,67948008.22321141,251051431.28646654
65000000.0,Horror Thriller,100241,en,31.324734,2014-01-22,71154592.0,92.0,"I, Frankenstein",5.0,687,Stuart Beattie,2014,2014,65898110.13111652,72137740.61462557
70000000.0,Science-Fiction Horror Action,8078,en,37.44963,1997-11-12,162000000.0,109.0,Alien: Resurrection,5.9,1365,Jean-Pierre Jeunet,1997,1997,104675950.15576324,242250056.07476634
60000000.0,Horror Mystery Thriller,11015,en,12.621769,1997-01-10,33956608.0,110.0,The Relic,5.8,130,Peter Hyams,1997,1997,89722242.9906542,50777717.23523987
60000000.0,Action Science-Fiction Fantasy Thriller Horror,38321,en,28.350927,2011-05-05,78309131.0,87.0,Priest,5.4,692,Scott Stewart,2011,2011,64019222.98934378,83554828.65984556
60000000.0,Horror Science-Fiction Mystery,8413,en,29.787135,1997-08-15,26673242.0,96.0,Event Horizon,6.5,742,Paul W.S. Anderson,1997,1997,89722242.9906542,39886385.00120872
90000000.0,Horror Science-Fiction Thriller,10384,en,5.762037,2000-01-14,14828081.0,91.0,Supernova,4.9,109,Walter Hill,2000,2000,125439198.60627179,20666917.750098724
30000000.0,Drama Horror Thriller,9009,en,14.376463,2005-06-27,25473093.0,105.0,Dark Water,5.3,274,Walter Salles,2005,2005,36867434.71582181,31304253.106251918
58000000.0,Adventure Horror Comedy,257445,en,45.351617,2015-08-05,158162788.0,103.0,Goosebumps,6.2,995,Rob Letterman,2015,2015,58731677.474611536,160158031.95347172
60000000.0,Action Adventure Horror Science-Fiction,35791,en,2.143764,2010-09-09,300228084.0,97.0,Resident Evil: Afterlife,5.8,1363,Paul W.S. Anderson,2010,2010,66040008.07132113,330451084.843288
57000000.0,Drama Horror Mystery Thriller,1813,en,33.8473,1997-10-17,152944660.0,144.0,The Devil's Advocate,7.2,1374,Taylor Hackford,1997,1997,85236130.8411215,228708965.8107165
50000000.0,Science-Fiction Action Horror,8077,en,45.856409,1992-05-22,159773545.0,114.0,Alien³,6.2,1633,David Fincher,1992,1992,85533499.6436208,273319809.0863506
54000000.0,Fantasy Horror Action Thriller,36586,en,67.169587,2002-03-22,155010032.0,117.0,Blade II,6.2,1528,Guillermo del Toro,2002,2002,72042123.40188994,206800960.25694275
67000000.0,Thriller Action Horror,285923,en,16.637642,2007-04-06,25037897.0,191.0,Grindhouse,6.8,459,Robert Rodriguez,2007,2007,77555290.29333179,28982408.50999315
60000000.0,Horror Romance,628,en,50.163785,1994-11-11,223664608.0,123.0,Interview with the Vampire,7.2,1516,Neil Jordan,1994,1994,97168825.91093118,362220455.95314443
50000000.0,Drama Horror Thriller,10320,en,32.233713,2005-03-17,161451538.0,110.0,The Ring Two,5.4,632,Hideo Nakata,2005,2005,61445724.52636968,198410134.56613412
50000000.0,Fantasy Horror Action,60304,en,53.02787,2013-01-17,224803475.0,88.0,Hansel & Gretel: Witch Hunters,5.7,3239,Tommy Wirkola,2013,2013,51513154.78822272,231606724.09210715
50000000.0,Horror Mystery,588,en,32.927994,2006-04-21,97607453.0,125.0,Silent Hill,6.3,1067,Christophe Gans,2006,2006,59525545.63492064,116202737.95719743
50000000.0,Comedy Horror Fantasy,928,en,33.98637,1990-06-15,41482207.0,106.0,Gremlins 2: The New Batch,6.2,652,Joe Dante,1990,1990,91815990.81866871,76174598.7410023
45000000.0,Horror Action Science-Fiction,1577,en,29.880122,2004-09-10,129394835.0,94.0,Resident Evil: Apocalypse,6.1,1267,Alexander Witt,2004,2004,57174775.01323452,164402679.5333245
0.0,Horror,53953,de,0.716764,2006-08-08,0.0,0.0,The Tooth Fairy,4.3,13,Chuck Bowman,2006,2006,0.0,0.0
47000000.0,Drama Horror Thriller Romance,9095,en,6.067212,1996-02-23,12379402.0,104.0,Mary Reilly,5.7,74,Stephen Frears,1996,1996,71895022.30720204,18936540.062549394
45000000.0,Horror Action,36647,en,43.815492,1998-08-21,131183530.0,120.0,Blade,6.5,1905,Stephen Norrington,1998,1998,66259601.226993866,193159297.45220858
45000000.0,Adventure Horror Thriller,9360,en,27.684779,1997-04-11,136885767.0,89.0,Anaconda,4.7,610,Luis Llosa,1997,1997,67291682.24299066,204694967.47893456
35000000.0,Horror Mystery Thriller,768,en,26.134678,2001-10-19,74558115.0,122.0,From Hell,6.6,741,Albert Hughes,2001,2001,47432213.43873518,101041612.12199323
45000000.0,Horror Action Science-Fiction,7737,en,12.06538,2007-09-20,148412065.0,94.0,Resident Evil: Extinction,6.1,1292,Russell Mulcahy,2007,2007,52089374.0776109,171793146.0314601
45000000.0,Adventure Action Horror Science-Fiction,9457,en,6.513856,1998-01-30,11203026.0,106.0,Deep Rising,6.0,154,Stephen Sommers,1998,1998,66259601.226993866,16495734.117680982
32000000.0,Drama Horror Mystery,2637,en,14.733513,2002-01-25,55157539.0,119.0,The Mothman Prophecies,6.1,305,Mark Pellington,2002,2002,42691628.682601444,73586411.68856588
42000000.0,Fantasy Thriller Horror,49730,en,45.151657,2011-03-11,89162162.0,100.0,Red Riding Hood,5.6,922,Catherine Hardwicke,2011,2011,44813456.092540644,95134872.18816657
40000000.0,Horror,259693,en,68.794673,2016-05-13,320170008.0,134.0,The Conjuring 2,7.0,1949,James Wan,2016,2016,40000000.0,320170008.0
40000000.0,Horror Mystery,4234,en,24.992057,2000-02-03,161834276.0,116.0,Scream 3,5.7,736,Wes Craven,2000,2000,55750754.93612079,225559576.53851336
40000000.0,Romance Horror,6114,en,45.022964,1992-11-13,215862692.0,128.0,Dracula,7.1,1056,Francis Ford Coppola,1992,1992,68426799.71489665,369269829.7850605
40000000.0,Horror Mystery,19912,en,32.478077,2009-08-26,186167139.0,82.0,The Final Destination,5.4,831,David R. Ellis,2009,2009,44748831.20394151,208269046.9707929
40000000.0,Action Adventure Fantasy Horror Science-Fiction,10336,en,19.833664,1997-07-31,87840042.0,96.0,Spawn,5.0,336,Mark A.Z. Dipp\u00e9,1997,1997,59814828.66043613,131353426.54388784
43000000.0,Drama Horror Mystery Thriller,9913,en,29.105407,2005-07-29,91974818.0,104.0,The Skeleton Key,6.4,573,Iain Softley,2005,2005,52843323.09267793,113029186.60381976
40000000.0,Horror Thriller,4970,en,27.303608,2003-11-21,141591324.0,98.0,Gothika,5.8,629,Mathieu Kassovitz,2003,2003,52175434.7826087,184689722.27863047
40000000.0,Fantasy Action Science-Fiction Thriller Horror,440,en,39.381913,2007-12-25,41797066.0,94.0,Aliens vs Predator: Requiem,4.9,740,Colin Strause,2007,2007,46301665.84676525,48381844.58267982
40000000.0,Horror Mystery,41446,en,35.21926,2011-04-11,97138686.0,111.0,Scream 4,6.1,902,Wes Craven,2011,2011,42679481.99289586,103645719.99876411
47000000.0,Horror Mystery,55779,en,38.555482,2011-08-12,157887643.0,92.0,Final Destination 5,5.9,866,Steven Quale,2011,2011,50148391.341652624,168464070.40798172
40000000.0,Drama Horror Thriller Crime,10391,en,3.321949,2000-08-11,0.0,107.0,Bless the Child,4.9,71,Chuck Russell,2000,2000,55750754.93612079,0.0
40000000.0,Fantasy Horror Science-Fiction,9306,en,13.210898,1996-08-23,49627779.0,96.0,The Island of Dr. Moreau,4.6,147,John Frankenheimer,1996,1996,61187253.02740599,75914686.77152964
40000000.0,Horror,1683,en,13.445697,2007-04-05,62771059.0,99.0,The Reaping,5.4,205,Stephen Hopkins,2007,2007,46301665.84676525,72660114.96663967
40000000.0,Horror Thriller,9544,en,6.756886,2002-08-09,18902015.0,101.0,FearDotCom,3.2,105,William Malone,2002,2002,53364535.85325181,25217431.42915509
33000000.0,Action Horror Mystery Science-Fiction Thriller,19898,en,28.353517,2009-09-08,20645327.0,108.0,Pandorum,6.5,774,Christian Alvart,2009,2009,36917785.74325174,23096356.326829404
38000000.0,Horror Mystery Thriller,622,en,30.359164,1999-08-24,58401898.0,133.0,The Ninth Gate,6.3,756,Roman Polanski,1999,1999,54743493.39735895,84134839.93569028
15000000.0,Horror Mystery Science-Fiction,1091,en,52.731379,1982-06-25,19629760.0,109.0,The Thing,7.8,1588,John Carpenter,1982,1982,37306787.56476685,48821552.417823836
37000000.0,Drama Thriller Horror,48171,en,11.492474,2011-01-28,96047633.0,114.0,The Rite,5.8,556,Mikael H\u00e5fstr\u00f6m,2011,2011,39478520.843428664,102481580.57709424
35000000.0,Science-Fiction Horror Action,9348,en,23.607071,1995-07-07,113374103.0,108.0,Species,5.5,453,Roger Donaldson,1995,1995,55119717.84776902,178547101.96011153
1800000.0,Horror,377,en,38.204158,1984-11-14,25504513.0,91.0,A Nightmare on Elm Street,7.2,1180,Wes Craven,1984,1984,4157965.351299326,58914934.086535126
33000000.0,Horror Science-Fiction Thriller,8843,en,25.413955,2000-08-17,104155843.0,107.0,The Cell,6.0,436,Tarsem Singh,2000,2000,45994372.82229965,145169171.9564518
33000000.0,Horror Action Science-Fiction,1576,en,40.715623,2002-03-15,102984862.0,100.0,Resident Evil,6.4,2065,Paul W.S. Anderson,2002,2002,44025742.07893274,137393484.01352975
10700000.0,Horror,609,en,36.230204,1982-06-04,122200000.0,114.0,Poltergeist,7.0,794,Tobe Hooper,1982,1982,26612175.129533682,303925962.69430053
40000000.0,Horror,10066,en,17.157738,2005-04-30,68766121.0,113.0,House of Wax,5.5,677,Jaume Collet-Serra,2005,2005,49156579.62109575,84507682.5542601
35000000.0,Horror Mystery Thriller,13515,en,19.774543,2008-08-15,72436439.0,110.0,Mirrors,6.0,485,Alexandre Aja,2008,2008,39015921.74749075,80747841.01973963
35000000.0,Drama Fantasy Horror,11979,en,11.644243,2002-02-10,45479110.0,101.0,Queen of the Damned,5.4,239,Michael Rymer,2002,2002,46693968.87159533,60674289.904224575
35000000.0,Horror Comedy,10012,en,11.195593,2005-02-25,19294901.0,97.0,Cursed,5.1,167,Wes Craven,2005,2005,43012007.168458775,23711783.4321915
35000000.0,Drama Fantasy Horror Mystery Romance,9616,en,3.746806,2003-09-05,11560806.0,102.0,The Order,4.8,91,Brian Helgeland,2003,2003,45653505.43478261,15079751.987184783
30000000.0,Horror Action Thriller Science-Fiction,71469,en,23.328823,2011-12-22,64626786.0,89.0,The Darkest Hour,4.8,469,Chris Gorak,2011,2011,32009611.49467189,68955943.73364335
33000000.0,Action Crime Horror Thriller,326,en,19.642328,2006-08-06,62022014.0,105.0,Snakes on a Plane,5.1,497,David R. Ellis,2006,2006,39286860.11904762,73837884.49453373
29000000.0,Horror,10307,en,14.993169,1999-09-10,50041732.0,103.0,Stigmata,6.0,242,Rupert Wainwright,1999,1999,41777929.17166867,72091032.24564226
70000000.0,Fantasy Drama Horror Action Thriller,10253,ko,4.822033,2007-02-08,53587404.0,90.0,Dragon Wars: D-War,4.0,104,Shim Hyung-Rae,2007,2007,81027915.23183918,62029651.84009029
31000000.0,Comedy Horror,6488,en,15.895661,1990-08-09,53208180.0,103.0,Arachnophobia,6.2,433,Frank Marshall,1990,1990,56925914.3075746,97707235.32716145
30000000.0,Horror Comedy Fantasy,2907,en,37.179547,1991-11-22,191502426.0,99.0,The Addams Family,6.7,848,Barry Sonnenfeld,1991,1991,52864977.97356829,337459051.079163
35000000.0,Horror Comedy Romance,82654,en,43.742241,2013-01-31,116980662.0,97.0,Warm Bodies,6.4,2652,Jonathan Levine,2013,2013,36059208.35175591,120520858.97669528
30000000.0,Horror Thriller,16871,en,45.083509,2009-03-15,90810892.0,99.0,Drag Me to Hell,6.2,966,Sam Raimi,2009,2009,33561623.40295613,101592031.93968406
30000000.0,Horror Thriller,4513,en,33.394082,2007-10-17,75505973.0,113.0,30 Days of Night,6.2,767,David Slade,2007,2007,34726249.38507394,87401308.28202198
30000000.0,Horror Thriller,22970,en,73.987775,2012-04-12,66486080.0,95.0,The Cabin in the Woods,6.5,2263,Drew Goddard,2012,2012,31360619.179943725,69501487.8549091
25000000.0,Horror Comedy Music,10776,en,12.113235,1986-12-19,38748395.0,94.0,Little Shop of Horrors,6.6,384,Frank Oz,1986,1986,54746122.26277372,84852974.80625
30000000.0,Drama Horror,133805,en,63.848541,2013-10-16,82394288.0,100.0,Carrie,5.8,1463,Kimberly Peirce,2013,2013,30907892.872933637,84887794.22818805
30000000.0,Action Adventure Horror Thriller,9042,en,10.756266,2005-08-25,15007991.0,97.0,The Cave,5.1,202,Bruce Hunt,2005,2005,36867434.71582181,18443537.61360471
17000000.0,Horror Comedy,58151,en,18.27083,2011-08-18,24922237.0,106.0,Fright Night,6.0,603,Craig Gillespie,2011,2011,18138779.84698074,26591704.13160457
25000000.0,Drama Horror Science-Fiction Thriller,11058,en,12.10235,2004-04-30,30114487.0,102.0,Godsend,4.7,114,Nick Hamm,2004,2004,31763763.896241397,38261978.196977235
12000000.0,Drama Horror Comedy,11249,en,12.653831,2004-11-11,24829644.0,87.0,Seed of Chucky,4.9,287,Don Mancini,2004,2004,15246606.670195872,31547317.985749073
28000000.0,Fantasy Horror Action,924,en,44.529429,2004-03-19,102356381.0,101.0,Dawn of the Dead,6.8,1016,Zack Snyder,2004,2004,35575415.563790366,130048956.77430916
28000000.0,Thriller Horror,10577,en,6.756771,2000-12-22,33000337.0,99.0,Dracula 2000,4.6,148,Patrick Lussier,2000,2000,39025528.45528455,45994842.52240999
0.0,Horror Thriller,10383,en,3.312385,2000-10-13,0.0,97.0,Lost Souls,4.5,38,Janusz Kami\u0144ski,2000,2000,0.0,0.0
28000000.0,Action Horror Science-Fiction,10016,en,13.145205,2001-08-24,14010832.0,98.0,Ghosts of Mars,4.8,296,John Carpenter,2001,2001,37945770.75098815,18987564.96795031
28000000.0,Romance Horror Comedy Thriller,58431,en,28.397048,2016-02-04,16374328.0,108.0,Pride and Prejudice and Zombies,5.5,640,Burr Steers,2016,2016,28000000.0,16374328.0
27000000.0,Horror Comedy Action Science-Fiction Thriller,9825,en,11.678561,1999-07-15,56870414.0,82.0,Lake Placid,5.5,247,Steve Miner,1999,1999,38896692.677070834,81928556.13984394
27000000.0,Horror Mystery Thriller,28355,en,23.917982,2009-08-13,29000000.0,109.0,Case 39,6.1,563,Christian Alvart,2009,2009,30205461.06266052,32442902.622857593
26000000.0,Drama Horror Science-Fiction Thriller,1551,en,24.114459,1990-08-09,61489265.0,115.0,Flatliners,6.3,404,Joel Schumacher,1990,1990,47744315.22570773,112913955.81373376
26000000.0,Horror Thriller,11460,en,8.802626,2005-08-04,57891803.0,85.0,Red Eye,6.2,455,Wes Craven,2005,2005,31951776.753712237,71144075.58945724
26000000.0,Horror Mystery,9358,en,37.355826,2003-01-31,90426405.0,90.0,Final Destination 2,5.9,1023,David R. Ellis,2003,2003,33914032.608695656,117950924.91758153
26000000.0,Horror,22894,en,30.981604,2010-01-21,67918658.0,100.0,Legion,5.2,629,Scott Stewart,2010,2010,28617336.830905825,74755812.04188833
30000000.0,Horror,6466,en,26.69592,2003-08-15,114908830.0,97.0,Freddy vs. Jason,5.8,594,Ronny Yu,2003,2003,39131576.08695652,149885454.14027175
2800000.0,Horror Thriller,794,en,25.939385,1976-06-06,60922980.0,111.0,The Omen,7.2,476,Richard Donner,1976,1976,11810537.785588752,256976127.60738137
25000000.0,Horror Mystery,9286,en,31.64341,2006-02-10,117719158.0,93.0,Final Destination 3,5.8,974,James Wong,2006,2006,29762772.81746032,140145942.23266867
25000000.0,Horror Mystery Thriller,11096,en,18.228538,2005-01-27,122644820.0,101.0,Hide and Seek,6.1,440,John Polson,2005,2005,30722862.26318484,150719996.4861239
17000000.0,Horror Thriller,11351,en,19.045146,2003-08-08,63102666.0,104.0,Jeepers Creepers 2,5.5,299,Victor Salva,2003,2003,22174559.7826087,82310225.86229348
20000000.0,Adventure Action Horror Science-Fiction Thriller,11237,en,9.855474,2004-08-26,70992898.0,97.0,Anacondas: The Hunt for the Blood Orchid,4.9,199,Dwight H. Little,2004,2004,25411011.116993118,90200066.01527792
25000000.0,Horror Comedy,11932,en,14.340095,1998-10-16,50671850.0,89.0,Bride of Chucky,5.5,350,Ronny Yu,1998,1998,36810889.57055215,74611034.98742332
25000000.0,Fantasy Horror Thriller,46261,en,14.562197,2010-11-06,36993168.0,99.0,Don't Be Afraid of the Dark,5.4,341,Troy Nixey,2010,2010,27516670.02971714,40717151.888395645
25000000.0,Drama Horror Mystery Thriller,43931,en,7.001176,2010-10-08,19829957.0,107.0,My Soul to Take,5.2,147,Wes Craven,2010,2010,27516670.02971714,21826175.338899184
28000000.0,Horror Thriller,65055,en,8.363702,2011-09-02,10126458.0,91.0,Shark Night,4.9,132,David R. Ellis,2011,2011,29875637.395027097,10804799.546570404
14000000.0,Horror Thriller,77883,en,21.680424,2012-08-30,85446075.0,92.0,The Possession,5.8,498,Ole Bornedal,2012,2012,14634955.617307073,89321393.94986367
25000000.0,Action Adventure Fantasy Horror,168705,en,7.008216,2005-10-22,2405420.0,95.0,BloodRayne,3.5,118,Uwe Boll,2005,2005,30722862.26318484,2956055.493804403
24000000.0,Horror Mystery,4233,en,35.244037,1997-12-09,172363301.0,120.0,Scream 2,6.1,840,Wes Craven,1997,1997,35888897.19626168,257747032.9165545
65000000.0,Horror Mystery Thriller,3600,en,20.793026,1998-11-13,40002112.0,100.0,I Still Know What You Did Last Summer,5.1,374,Danny Cannon,1998,1998,95708312.88343558,58900533.096834354
24000000.0,Comedy Horror,43593,en,23.343839,2010-08-20,83188165.0,88.0,Piranha 3D,5.3,581,Alexandre Aja,2010,2010,26416003.22852845,91562451.46730657
23600000.0,Comedy Horror,19908,en,57.300674,2009-10-07,102391382.0,88.0,Zombieland,7.2,3550,Ruben Fleischer,2009,2009,26401810.41032549,114547366.74640737
23000000.0,Horror,9532,en,38.799596,2000-03-16,53302314.0,98.0,Final Destination,6.4,1378,James Wong,2000,2000,32056684.088269457,74291106.13355401
25000000.0,Horror Thriller,3021,en,35.169779,2007-07-12,94679598.0,104.0,1408,6.5,1343,Mikael H\u00e5fstr\u00f6m,2007,2007,28938541.15422828,109595577.72755158
22000000.0,Family Horror,24100,en,4.365196,2000-10-27,13555988.0,95.0,The Little Vampire,6.1,77,Uli Edel,2000,2000,30662915.214866437,18893914.122624855
21000000.0,Horror Thriller Science-Fiction,7341,en,4.781538,1999-03-11,17762705.0,104.0,The Rage: Carrie 2,5.1,76,Katt Shea,1999,1999,30252983.193277314,25589276.94438776
15000000.0,Action Thriller Science-Fiction Horror,1946,en,21.928025,1999-04-14,2856712.0,97.0,eXistenZ,6.7,475,David Cronenberg,1999,1999,21609273.709483795,4115431.4344777917
38000000.0,Horror Thriller,9682,en,9.662715,2006-08-11,29907685.0,90.0,Pulse,5.0,150,Jim Sonzero,2006,2006,45239414.68253969,35605425.36604663
20000000.0,Horror Thriller,579,en,19.636044,1978-06-16,187884007.0,116.0,Jaws 2,5.9,406,Jeannot Szwarc,1978,1978,73621779.1411043,691617743.3749846
13000000.0,Horror Thriller,138843,en,49.975409,2013-07-18,318000141.0,112.0,The Conjuring,7.4,3092,James Wan,2013,2013,13393420.244937908,327623809.720193
20000000.0,Thriller Horror Drama Mystery,8968,en,11.62423,2005-02-04,67192859.0,89.0,Boogeyman,4.6,191,Stephen T. Kay,2005,2005,24578289.810547873,82574278.085064
20000000.0,Horror Thriller Mystery,21208,en,29.295801,2009-07-24,41596251.0,123.0,Orphan,6.7,1261,Jaume Collet-Serra,2009,2009,22374415.601970755,46534590.36789458
20000000.0,Horror Thriller,1975,en,13.906944,2006-10-13,39143839.0,102.0,The Grudge 2,5.2,283,Takashi Shimizu,2006,2006,23810218.253968257,46601167.494409725
20000000.0,Horror Comedy,40264,en,17.165039,2010-08-18,80547866.0,82.0,Vampires Suck,4.2,315,Jason Friedberg,2010,2010,22013336.02377371,88656362.01279488
20000000.0,Horror Thriller,76617,en,26.497025,2013-01-03,47241945.0,92.0,Texas Chainsaw 3D,5.3,465,John Luessenhop,2013,2013,20605261.91528909,48671632.50563409
35000000.0,Horror Mystery Thriller,9645,en,27.724913,2002-10-25,68349884.0,91.0,Ghost Ship,5.3,531,Steve Beck,2002,2002,46693968.87159533,91186495.88209005
20000000.0,Fantasy Horror Action Thriller Science-Fiction,19901,en,28.019226,2009-01-06,51416464.0,98.0,Daybreakers,6.0,634,Michael Spierig,2009,2009,22374415.601970755,57520666.71598838
9000000.0,Horror Thriller,10069,en,4.34503,2006-03-24,27105095.0,100.0,Stay Alive,5.3,155,William Brent Bell,2006,2006,10714598.214285715,32268911.387227185
20000000.0,Action Adventure Fantasy Horror Science-Fiction,9954,en,15.804814,2006-09-08,37597471.0,97.0,The Covenant,5.2,288,Renny Harlin,2006,2006,23810218.253968257,44760199.515362106
806948.0,Drama Horror Thriller,539,en,93.067866,1960-06-16,32000000.0,109.0,Psycho,8.2,2320,Alfred Hitchcock,1960,1960,6543012.453918919,259467027.02702704
20000000.0,Thriller Horror Mystery,61012,en,23.292761,2012-10-10,52302796.0,94.0,Silent Hill: Revelation 3D,5.0,432,Michael J. Bassett,2012,2012,20907079.45329582,54674935.580076136
19000000.0,Horror Action Thriller Crime,755,en,64.181668,1996-01-19,25836616.0,108.0,From Dusk Till Dawn,6.9,1603,Robert Rodriguez,1996,1996,29063945.188017845,39521789.01409815
20000000.0,Drama Horror Mystery,41402,en,19.705311,2010-10-01,24145613.0,116.0,Let Me In,6.7,641,Matt Reeves,2010,2010,22013336.02377371,26576274.62344994
22000000.0,Horror,10929,en,1.322528,2003-03-14,0.0,100.0,Willard,5.8,82,Glen Morgan,2003,2003,28696489.130434785,0.0
20000000.0,Action Fantasy Horror Thriller,12142,en,9.292987,2005-01-28,10442808.0,96.0,Alone in the Dark,3.1,173,Uwe Boll,2005,2005,24578289.810547873,12833318.07299539
20000000.0,Action Comedy Horror Mystery Science-Fiction,43935,en,10.617236,2011-03-16,4634062.0,107.0,Dylan Dog: Dead of Night,4.5,139,Kevin Munroe,2011,2011,21339740.99644793,4944484.142074074
14000000.0,Crime Horror Mystery,4232,en,45.99611,1996-12-20,173046663.0,111.0,Scream,7.0,1476,Wes Craven,1996,1996,21415538.559592098,264706248.86323136
19000000.0,Horror Thriller,694,en,78.699993,1980-05-22,44017374.0,144.0,The Shining,8.1,3757,Stanley Kubrick,1980,1980,55341419.90291262,128209683.02934465
19000000.0,Horror Mystery Thriller,11377,en,13.664614,1999-10-29,40846082.0,93.0,House on Haunted Hill,5.5,209,William Malone,1999,1999,27371746.698679473,58843611.059867956
20000000.0,Mystery Horror Action,29427,en,28.867568,2010-02-26,54956140.0,101.0,The Crazies,6.2,633,Breck Eisner,2010,2010,22013336.02377371,60488398.819477566
19000000.0,Horror Thriller Drama,10065,en,30.205943,2005-04-15,108047131.0,90.0,The Amityville Horror,6.0,588,Andrew Douglas,2005,2005,23349375.32002048,132780684.94581155
15000000.0,Horror,11683,en,15.262492,2005-06-24,46770602.0,93.0,Land of the Dead,6.0,381,George A. Romero,2005,2005,18433717.357910905,57477070.5284895
19000000.0,Crime Drama Horror Thriller,8643,en,32.602868,2005-09-09,144216468.0,122.0,The Exorcism of Emily Rose,6.3,659,Scott Derrickson,2005,2005,23349375.32002048,177229707.29788017
1000000.0,Horror,790,en,14.518598,1980-02-08,21378361.0,89.0,The Fog,6.4,311,John Carpenter,1980,1980,2912706.3106796113,62268886.99668689
0.0,Horror,396152,en,2.525569,2016-05-03,0.0,90.0,Restoration,5.3,11,Zack Ward,2016,2016,0.0,0.0
2700000.0,Romance Science-Fiction Horror Action Crime,10017,en,10.47644,1986-11-21,3500000.0,93.0,The Wraith,5.9,108,Mike Marvin,1986,1986,5912581.204379562,7664457.116788321
3500000.0,Horror Science-Fiction,8408,en,18.025206,1985-07-19,34000000.0,96.0,Day of the Dead,6.9,270,George A. Romero,1985,1985,7806919.144981413,75838643.12267658
18500000.0,Horror Action Thriller Science-Fiction,679,en,67.66094,1986-07-18,183316455.0,137.0,Aliens,7.7,3220,James Cameron,1986,1986,40512130.474452555,401434602.3283303
17000000.0,Horror Thriller Mystery,3597,en,27.654472,1997-10-17,125586134.0,100.0,I Know What You Did Last Summer,5.6,687,Jim Gillespie,1997,1997,25421302.180685356,187797827.1834143
300000.0,Horror Thriller,948,en,30.301307,1978-10-25,70000000.0,91.0,Halloween,7.4,1035,John Carpenter,1978,1978,1104326.6871165643,257676226.993865
20000000.0,Horror Crime,41439,en,36.133536,2010-10-21,136150434.0,90.0,Saw: The Final Chapter,5.8,730,Kevin Greutert,2010,2010,22013336.02377371,149856262.67123124
15000000.0,Horror Thriller,9792,en,35.107857,2006-03-10,69623713.0,107.0,The Hills Have Eyes,6.1,705,Alexandre Aja,2006,2006,17857663.69047619,82887790.10908234
17000000.0,Horror,109428,en,33.912116,2013-04-05,97542952.0,91.0,Evil Dead,6.4,1723,Fede Alvarez,2013,2013,17514472.627995726,100494903.6975236
17000000.0,Horror Thriller,79694,en,6.385234,2012-08-23,9627492.0,82.0,The Apparition,4.5,140,Todd Lincoln ,2012,2012,17771017.535301447,10064137.008998493
16000000.0,Horror Thriller Mystery,13788,en,15.788784,2009-01-09,76514050.0,87.0,The Unborn,4.8,365,David S. Goyer,2009,2009,17899532.481576603,85597857.70449851
16000000.0,Thriller Drama Horror,49950,en,11.807269,2011-02-04,40492759.0,91.0,The Roommate,5.3,224,Christian E. Christiansen,2011,2011,17071792.79715834,43205249.464579284
16000000.0,Comedy Horror,19994,en,32.257414,2009-09-18,31556061.0,100.0,Jennifer's Body,5.3,837,Karyn Kusama,2009,2009,17899532.481576603,35302421.17875704
15000000.0,Horror,132232,en,47.455148,2013-01-17,146497771.0,100.0,Mama,6.0,1401,Andy Muschietti,2013,2013,15453946.436466819,150931247.07305214
17000000.0,Drama Horror Thriller,65086,en,43.675191,2012-02-01,127730736.0,95.0,The Woman in Black,6.1,1206,James Watkins,2012,2012,17771017.535301447,133523832.30899763
15000000.0,Horror Thriller,10053,en,4.688212,2006-02-03,66966987.0,87.0,When a Stranger Calls,5.4,268,Simon West,2006,2006,17857663.69047619,79724928.81403275
15000000.0,Horror Comedy Fantasy,287903,en,31.565117,2015-11-26,61548707.0,98.0,Krampus,5.9,584,Michael Dougherty,2015,2015,15189226.93308919,62325151.87074768
15000000.0,Horror Mystery Science-Fiction,9276,en,21.535126,1998-12-25,40283321.0,104.0,The Faculty,6.2,492,Robert Rodriguez,1998,1998,22086533.74233129,59314595.23464417
15000000.0,Horror,24150,en,12.929525,2009-08-28,39421467.0,105.0,Halloween II,5.1,267,Rob Zombie,2009,2009,16780811.701478064,44101614.31486876
15000000.0,Crime Thriller Horror Drama,18405,en,19.760383,2009-03-13,32721635.0,110.0,The Last House on the Left,6.2,440,Dennis Iliadis,2009,2009,16780811.701478064,36606373.03329962
13000000.0,Horror Thriller,11442,en,11.045593,2002-07-01,37664855.0,94.0,Halloween: Resurrection,4.5,228,Rick Rosenthal,2002,2002,17343474.152306836,50249187.626375765
15000000.0,Horror Thriller Science-Fiction,1562,en,34.759855,2007-04-26,64238440.0,100.0,28 Weeks Later,6.5,1197,Juan Carlos Fresnadillo,2007,2007,17363124.69253697,74358669.58493696
0.0,Mystery Thriller Horror,11531,en,3.890223,2000-10-27,0.0,90.0,Book of Shadows: Blair Witch 2,4.3,212,Joe Berlinger,2000,2000,0.0,0.0
15000000.0,Drama Fantasy Horror Thriller,9100,en,19.517239,1996-05-03,24769466.0,101.0,The Craft,6.3,380,Andrew Fleming,1996,1996,22945219.88527725,37889389.58739325
14000000.0,Horror,12212,en,8.885017,2000-09-19,38574362.0,97.0,Urban Legends: Final Cut,4.4,100,John Ottman,2000,2000,19512764.227642275,53763745.06698026
15000000.0,Mystery Horror Science-Fiction,9424,en,9.378688,1998-07-24,17507368.0,84.0,Disturbing Behavior,5.5,104,David Nutter,1998,1998,22086533.74233129,25778471.604760736
15000000.0,Fantasy Drama Horror Action Thriller,11495,en,11.379652,1984-05-11,17080167.0,114.0,Firestarter,5.9,173,Mark L. Lester,1984,1984,34649711.26082771,39454856.98911453
25000000.0,Thriller Comedy Horror,6552,en,8.583217,1999-04-30,4152230.0,92.0,Idle Hands,6.1,182,Rodman Flender,1999,1999,36015456.182473,5981778.3049819935
15000000.0,Horror Thriller Crime,8461,en,15.175289,2007-10-20,7938872.0,112.0,Funny Games,6.3,545,Michael Haneke,2007,2007,17363124.69253697,9189574.963606024
15000000.0,Mystery Drama Crime Thriller Horror,10185,en,19.913961,2008-08-07,3533227.0,98.0,The Midnight Meat Train,6.0,290,Ry\u00fbhei Kitamura,2008,2008,16721109.320353176,3938631.6613748996
15000000.0,Mystery Horror,14435,en,13.706357,2009-01-16,100734718.0,101.0,My Bloody Valentine,5.3,299,Patrick Lussier,2009,2009,16780811.701478064,112694022.30396621
14000000.0,Horror Thriller,9877,en,12.159009,1998-09-25,72527595.0,99.0,Urban Legend,5.6,290,Jamie Blanks,1998,1998,20614098.1595092,106792211.6145092
14000000.0,Comedy Horror Romance,12158,en,6.772615,1995-10-27,19800000.0,100.0,Vampire in Brooklyn,4.5,111,Wes Craven,1995,1995,22047887.13910761,31182011.81102362
14000000.0,Horror Thriller Fantasy,11586,en,11.543363,1977-06-17,30749142.0,118.0,Exorcist II: The Heretic,4.5,133,John Boorman,1977,1977,55447161.71617162,121782332.07910891
11000000.0,Horror Science-Fiction,11470,en,11.220643,2001-07-24,16951798.0,91.0,Jason X,4.5,291,James Isaac,2001,2001,14907267.080745343,22973180.025894977
0.0,Horror Mystery Thriller,14033,en,3.231848,2001-09-06,0.0,84.0,Soul Survivors,4.4,49,Stephen Carpenter,2001,2001,0.0,0.0
7000000.0,Horror Thriller,10131,en,17.113408,1988-08-19,72500000.0,99.0,A Nightmare on Elm Street 4: The Dream Master,5.8,281,Renny Harlin,1988,1988,14201597.633136094,147087975.4860524
17000000.0,Horror Drama Thriller,332567,en,60.829621,2016-06-24,119100758.0,86.0,The Shallows,6.2,1567,Jaume Collet-Serra,2016,2016,17000000.0,119100758.0
13000000.0,Drama Horror,11186,en,16.681567,1990-11-09,35763605.0,84.0,Child's Play 2,5.8,308,John Lafia,1990,1990,23872157.612853866,65673416.56644989
18000000.0,Science-Fiction Horror Thriller,5876,en,37.104353,2007-11-21,57096190.0,126.0,The Mist,6.7,1399,Frank Darabont,2007,2007,20835749.63104436,66091217.76258549
13000000.0,Comedy Crime Horror Thriller,11592,en,6.170139,1994-04-13,7820688.0,95.0,Serial Mom,6.4,135,John Waters,1994,1994,21053245.614035092,12665451.179595144
13000000.0,Thriller Horror,157544,en,10.475368,2015-07-24,1784763.0,91.0,The Vatican Tapes,4.6,243,Mark Neveldine,2015,2015,13163996.675343964,1807278.0152520707
12500000.0,Horror Mystery Thriller,26688,en,8.780512,2009-09-09,27206120.0,101.0,Sorority Row,5.4,177,Stewart Hendler,2009,2009,13984009.75123172,30436051.78985443
8000000.0,Drama Horror Thriller,9552,en,47.584643,1973-12-26,441306145.0,122.0,The Exorcist,7.5,2005,William Friedkin,1973,1973,43244504.5045045,2385508196.9147525
7000000.0,Horror Thriller Adventure,578,en,50.152327,1975-06-18,470654000.0,124.0,Jaws,7.5,2542,Steven Spielberg,1975,1975,31227676.579925653,2099632984.7211897
12000000.0,Horror Thriller,9357,en,20.624896,2002-08-21,52223306.0,96.0,One Hour Photo,6.6,435,Mark Romanek,2002,2002,16009360.755975543,69671812.1353085
12000000.0,Horror Science-Fiction Thriller,13812,en,8.083995,2008-10-10,40855419.0,89.0,Quarantine,5.5,339,John Erick Dowdle,2008,2008,13376887.456282541,45543195.161855616
12000000.0,Drama Horror Thriller,9030,en,11.135734,2008-02-01,56309766.0,98.0,The Eye,5.5,281,David Moreau,2008,2008,13376887.456282541,62770783.53930043
12000000.0,Horror Science-Fiction,31915,en,8.61659,1979-01-01,54000000.0,102.0,Prophecy,5.4,25,John Frankenheimer,1979,1979,39670578.5123967,178517603.30578515
12000000.0,Horror Mystery Thriller,11601,en,6.044161,1999-09-10,21133087.0,99.0,Stir of Echoes,6.5,330,David Koepp,1999,1999,17287418.967587035,30444710.753955588
11000000.0,Horror Drama Science-Fiction,1255,ko,27.65527,2006-07-27,88489643.0,119.0,The Host,6.7,537,Bong Joon-ho,2006,2006,13095620.039682541,105347885.65228671
12000000.0,Drama Horror Thriller,86825,en,27.322212,2013-02-28,12077441.0,99.0,Stoker,6.5,882,Park Chan-wook,2013,2013,12363157.149173453,12442941.75357255
11500000.0,Drama Horror,8913,en,20.747994,1989-04-21,57469467.0,103.0,Pet Sematary,6.4,407,Mary Lambert,1989,1989,22258713.70967742,111234470.69571774
11000000.0,Fantasy Horror Comedy,927,en,45.072136,1984-06-07,153083102.0,106.0,Gremlins,6.9,1596,Joe Dante,1984,1984,25409788.257940326,353619018.88078916
11000000.0,Horror Mystery,22804,en,31.900899,2009-10-22,68233629.0,90.0,Saw VI,6.0,722,Kevin Greutert,2009,2009,12305928.581083914,76334378.6638342
12000000.0,Drama Horror Thriller Crime,13937,en,7.558959,1992-08-07,37170057.0,91.0,Raising Cain,5.9,65,Brian De Palma,1992,1992,20528039.914468993,63585701.1432573
10800000.0,Horror Thriller Crime,11917,en,32.943848,2008-10-23,113857533.0,92.0,Saw V,5.9,820,David Hackl,2008,2008,12039198.710654287,126921617.0825813
10000000.0,Horror Thriller Crime,214,en,33.124871,2006-10-27,163876815.0,108.0,Saw III,6.1,1071,Darren Lynn Bousman,2006,2006,11905109.126984129,195097136.59575894
10000000.0,Action Horror Thriller,316727,en,53.727146,2016-06-29,118587880.0,105.0,The Purge: Election Year,6.1,1306,James DeMonaco,2016,2016,10000000.0,118587880.0
10000000.0,Horror Thriller Crime,663,en,29.244768,2007-10-25,139352633.0,93.0,Saw IV,5.9,903,Darren Lynn Bousman,2007,2007,11575416.461691312,161306476.2008228
10000000.0,Drama Horror Thriller,11804,en,14.447723,2005-01-07,91196419.0,101.0,White Noise,5.6,261,Geoffrey Sax,2005,2005,12289144.905273937,112072600.79330772
10000000.0,Horror Mystery Thriller,1970,en,35.695442,2004-10-22,183474602.0,92.0,The Grudge,5.8,865,Takashi Shimizu,2004,2004,12705505.558496559,233113757.55539438
10000000.0,Horror Thriller,8922,en,23.316208,2001-07-01,59217789.0,90.0,Jeepers Creepers,6.1,720,Victor Salva,2001,2001,13552060.982495766,80252308.7776567
10000000.0,Horror Mystery Thriller,321258,en,38.179483,2016-01-22,64188367.0,97.0,The Boy,5.8,1102,William Brent Bell,2016,2016,10000000.0,64188367.0
10000000.0,Horror Mystery Thriller,44040,en,30.934688,2010-01-13,33583175.0,80.0,Devil,5.8,816,John Erick Dowdle,2010,2010,11006668.011886856,36963885.801009834
10000000.0,Drama Horror Thriller,280092,en,45.946524,2015-06-04,104303851.0,97.0,Insidious: Chapter 3,6.2,983,Leigh Whannell,2015,2015,10126151.288726127,105619657.52227479
10000000.0,Horror Thriller Science-Fiction,10163,en,10.125029,1992-03-05,32101000.0,108.0,The Lawnmower Man,5.4,197,Brett Leonard,1992,1992,17106699.928724162,54914217.441197425
10000000.0,Drama Fantasy Horror Science-Fiction Thriller,15301,en,12.902975,1983-06-24,29450919.0,101.0,Twilight Zone: The Movie,6.2,161,Steven Spielberg,1983,1983,24097088.353413656,70968139.7232229
10000000.0,Horror Science-Fiction Thriller,11336,en,16.78512,1983-10-21,20766616.0,103.0,The Dead Zone,6.9,311,David Cronenberg,1983,1983,24097088.353413656,50041498.05534137
10000000.0,Horror,283445,en,26.090495,2015-08-19,52882018.0,97.0,Sinister 2,5.4,581,Ciaran Foy,2015,2015,10126151.288726127,53549131.47211382
11000000.0,Action Horror,9362,en,32.579697,1990-01-19,48572000.0,96.0,Tremors,6.6,864,Ron Underwood,1990,1990,20199517.980107117,89193726.12088753
12600000.0,Horror Thriller,9902,en,33.555764,2003-05-30,28650575.0,84.0,Wrong Turn,6.0,635,Rob Schmidt,2003,2003,16435261.95652174,37371405.18491848
10000000.0,Crime Mystery Horror Thriller,11507,en,9.525626,1984-10-25,8801940.0,114.0,Body Double,6.4,137,Brian De Palma,1984,1984,23099807.507218476,20332311.96900866
10000000.0,Horror Thriller,329440,en,19.865989,2016-01-07,40055439.0,95.0,The Forest,4.8,448,Jason Zada,2016,2016,10000000.0,40055439.0
10.0,Horror Thriller,78383,en,10.013629,2013-09-28,10000000.0,99.0,Nurse 3-D,4.9,119,Douglas Aarniokoski,2013,2013,10.302630957644546,10302630.957644545
10500000.0,Horror Thriller,10306,en,11.225044,1988-06-10,14144000.0,98.0,Poltergeist III,4.5,123,Gary Sherman,1988,1988,21302396.44970414,28695342.417582415
11000000.0,Horror Action Thriller Science-Fiction,348,en,94.184658,1979-05-25,104931801.0,117.0,Alien,7.9,4470,Ridley Scott,1979,1979,36364696.969696976,346892104.16814053
85000.0,Horror,30497,en,29.262427,1974-10-01,30859000.0,83.0,The Texas Chain Saw Massacre,7.2,590,Tobe Hooper,1974,1974,413805.17241379316,150230750.77079108
9000000.0,Horror Thriller,10585,en,27.600843,1988-11-08,44196684.0,87.0,Child's Play,6.3,581,Tom Holland,1988,1988,18259196.956889264,89666217.55526628
9000000.0,Horror Thriller,238636,en,82.975841,2014-07-17,108782847.0,104.0,The Purge: Anarchy,6.6,1954,James DeMonaco,2014,2014,9124353.710462287,110285908.18434457
9000000.0,Horror Thriller,9656,en,4.134327,2006-12-25,21510851.0,84.0,Black Christmas,4.8,119,Glen Morgan,2006,2006,10714598.214285715,25608902.856929567
8500000.0,Horror Comedy,1547,en,24.750909,1987-07-31,32222567.0,97.0,The Lost Boys,6.8,538,Joel Schumacher,1987,1987,17958270.246478874,68077831.32014965
8500000.0,Comedy Horror,11217,en,2.62082,2004-02-27,5001655.0,104.0,Club Dread,5.1,107,Jay Chandrasekhar,2004,2004,10799679.724722076,6354855.54041821
5000000.0,Horror Thriller Science-Fiction,170,en,45.490374,2002-10-31,82719885.0,113.0,28 Days Later,7.1,1777,Danny Boyle,2002,2002,6670566.981656476,110357706.72148417
14000000.0,Horror Thriller Mystery Fantasy,11596,en,14.730796,1994-10-13,18090181.0,112.0,New Nightmare,6.4,291,Wes Craven,1994,1994,22672726.045883942,29296694.138103917
8000000.0,Drama Horror,10873,en,5.93923,2000-05-15,8279017.0,92.0,Shadow of the Vampire,6.6,148,E. Elias Merhige,2000,2000,11150150.987224158,11539036.196974449
8000000.0,Romance Comedy Drama Horror,10288,en,5.244518,2006-09-07,426224.0,91.0,Fido,6.6,135,Andrew Currie,2006,2006,9524087.301587302,507424.3232539683
10200000.0,Horror,1691,en,20.745052,2007-06-08,35619521.0,93.0,Hostel: Part II,5.6,453,Eli Roth,2007,2007,11806924.79092514,41231078.97409594
7000000.0,Thriller Horror,301365,en,38.150787,2016-06-08,1333124.0,117.0,The Neon Demon,6.4,887,Nicolas Winding Refn,2016,2016,7000000.0,1333124.0
0.0,Horror Thriller,29064,en,1.288173,1999-10-15,2400000.0,100.0,The Omega Code,4.4,17,Robert Marcarelli,1999,1999,0.0,3457483.7935174075
7000000.0,Horror,79316,en,14.741589,2014-01-08,36433975.0,89.0,Devil's Due,4.4,216,Matt Bettinelli-Olpin,2014,2014,7096719.552581779,36937386.108682245
7000000.0,Horror,2662,en,19.301432,2003-04-11,16829545.0,89.0,House of 1000 Corpses,6.0,306,Rob Zombie,2003,2003,9130701.086956523,21952220.689211957
0.0,Horror Action Thriller Science-Fiction,77156,en,0.000372,1978-11-22,0.0,90.0,Alien Zone,4.0,3,Sharron Miller,1978,1978,0.0,0.0
7.0,Thriller Action Horror Science-Fiction Crime,13006,en,4.857028,1992-05-01,5.0,90.0,Split Second,5.7,63,Tony Maylam,1992,1992,11.974689950106912,8.55334996436208
6900000.0,Horror Thriller,82505,en,25.613197,2012-09-21,44287131.0,101.0,House at the End of the Street,5.6,555,Mark Tonderai,2012,2012,7212942.411387057,46295728.32877602
6500000.0,Horror,250546,en,60.225219,2014-10-02,255273813.0,99.0,Annabelle,5.6,1517,John R. Leonetti,2014,2014,6589811.013111652,258800951.42560065
6500000.0,Horror Mystery Thriller,11033,en,11.208769,1980-06-25,31899000.0,105.0,Dressed to Kill,6.8,157,Brian De Palma,1980,1980,18932591.019417472,92912418.60436893
0.0,Horror Thriller,10496,en,1.537859,1999-10-22,10.0,91.0,Bats,4.1,35,Louis Morneau,1999,1999,0.0,14.406182472989197
4000000.0,Comedy Horror,10925,en,14.961629,1985-05-15,14237000.0,91.0,The Return of the Living Dead,7.3,267,Dan O'Bannon,1985,1985,8922193.308550186,31756316.53345725
8000000.0,Horror Thriller,10160,en,12.654051,1989-08-11,22168359.0,89.0,A Nightmare on Elm Street 5: The Dream Child,5.5,245,Stephen Hopkins,1989,1989,15484322.58064516,42907752.72994355
6000000.0,Crime Horror Thriller,25066,en,3.89204,1995-05-24,12000000.0,98.0,Tales from the Hood,5.4,32,Rusty Cundieff,1995,1995,9449094.488188976,18898188.976377953
5000000.0,Horror Thriller,11361,en,8.008844,1989-10-12,11642254.0,96.0,Halloween 5: The Revenge of Michael Myers,5.2,183,Dominique Othenin-Girard,1989,1989,9677701.612903226,22534052.062725805
0.0,Mystery Drama Thriller Horror,347764,en,1.273773,2015-08-31,0.0,96.0,Goddess of Love,6.2,9,Jon Knautz,2015,2015,0.0,0.0
5952000.0,Horror Mystery Science-Fiction,837,en,18.119265,1983-02-04,2120439.0,87.0,Videodrome,7.1,454,David Cronenberg,1983,1983,14342586.987951808,5109640.5931024095
5600000.0,Thriller Horror,10664,es,22.341462,2009-09-15,18469680.0,85.0,[REC]²,6.4,489,Jaume Balaguer\u00f3,2009,2009,6264836.368551811,20662414.81777036
4000000.0,Horror,215,en,42.187986,2005-10-28,152925093.0,92.0,Saw II,6.3,1251,Darren Lynn Bousman,2005,2005,4915657.962109575,187931862.7529493
4900000.0,Horror Thriller,345911,en,48.170508,2016-07-21,44107032.0,81.0,Lights Out,6.3,1129,David F. Sandberg,2016,2016,4900000.0,44107032.0
5000000.0,Horror,72571,en,29.15813,2011-10-19,205703818.0,83.0,Paranormal Activity 3,5.9,669,Henry Joost,2011,2011,5334935.249111982,219483309.90502316
5000000.0,Horror,242512,en,56.30466,2014-10-24,103590271.0,89.0,Ouija,4.9,983,Stiles White,2014,2014,5069085.39470127,105021585.95184931
5000000.0,Horror Thriller,10072,en,17.304055,1987-02-27,44793222.0,96.0,A Nightmare on Elm Street 3: Dream Warriors,6.5,354,Chuck Russell,1987,1987,10563688.38028169,94636327.75135563
5000000.0,Horror,82990,en,20.326337,2012-10-17,142817992.0,95.0,Paranormal Activity 4,5.2,563,Henry Joost,2012,2012,5226769.863323955,149295355.30520833
11000000.0,Horror Thriller Comedy,11284,en,16.856231,1991-09-05,34872033.0,89.0,Freddy's Dead: The Final Nightmare,5.1,272,Rachel Talalay,1991,1991,19383825.25697504,61450308.54795155
5000000.0,Horror Thriller,227348,en,19.984477,2014-01-01,86362372.0,84.0,Paranormal Activity: The Marked Ones,5.2,449,Christopher B. Landon,2014,2014,5069085.39470127,87555647.71139158
3300000.0,Thriller Horror,243940,en,20.304235,2015-01-29,64110728.0,83.0,The Lazarus Effect,5.1,505,David Gelb,2015,2015,3341629.9252796215,64919493.09583701
5000000.0,Horror,157547,en,35.871248,2013-09-08,44030246.0,104.0,Oculus,6.3,1050,Mike Flanagan,2013,2013,5151315.478822272,45362737.55123049
5000000.0,Horror Thriller,256274,en,26.510558,2014-08-14,40100000.0,93.0,"As Above, So Below",6.1,766,John Erick Dowdle,2014,2014,5069085.39470127,40654064.86550419
5000000.0,Horror Thriller,10283,en,12.904615,1989-07-28,14000000.0,100.0,Friday the 13th Part VIII: Jason Takes Manhattan,4.8,191,Rob Hedden,1989,1989,9677701.612903226,27097564.51612903
5000000.0,Horror Thriller,10987,en,9.483717,1995-09-29,15116634.0,88.0,Halloween: The Curse of Michael Myers,5.0,170,Joe Chappelle,1995,1995,7874245.406824146,23806417.168228343
4000000.0,Horror Comedy,747,en,49.12486,2004-04-09,30039392.0,99.0,Shaun of the Dead,7.5,2420,Edgar Wright,2004,2004,5082202.223398624,38166566.202985704
5000000.0,Horror Thriller,11357,en,9.302349,1988-10-21,17768757.0,88.0,Halloween 4: The Return of Michael Myers,5.9,209,Dwight H. Little,1988,1988,10143998.309382925,36049248.1935672
5000000.0,Horror Thriller Science-Fiction,50357,en,17.028252,2011-07-20,25562924.0,86.0,Apollo 18,5.0,356,Gonzalo L\u00f3pez-Gallego,2011,2011,5334935.249111982,27275308.86359413
5000000.0,Action Adventure Horror Thriller,12484,en,2.739307,2001-04-27,0.0,90.0,The Forsaken,4.9,47,J.S. Cardone,2001,2001,6776030.491247883,0.0
0.0,Comedy Horror Science-Fiction,3028,en,0.805312,1982-11-10,0.0,87.0,Jekyll and Hyde ... Together Again,4.6,5,Jerry Belson,1982,1982,0.0,0.0
5000000.0,Horror Crime Thriller,313922,en,30.001024,2016-04-15,3220371.0,95.0,Green Room,6.7,683,Jeremy Saulnier,2016,2016,5000000.0,3220371.0
5000000.0,Comedy Horror,46838,en,19.940245,2010-01-22,5476793.0,89.0,Tucker and Dale vs Evil,7.3,847,Eli Craig,2010,2010,5503334.005943428,6028124.232082585
5000000.0,Horror Science-Fiction Thriller,18442,en,3.05434,2004-02-27,0.0,95.0,Decoys,4.7,33,Matthew Hastings,2004,2004,6352752.7792482795,0.0
5000000.0,Horror Thriller,298312,en,38.94708,2015-09-10,98450062.0,94.0,The Visit,6.0,1360,M. Night Shyamalan,2015,2015,5063075.644363063,99692022.2196467
0.0,Horror Action,361159,en,2.394613,2015-10-08,0.0,97.0,Navy Seals vs. Zombies,3.5,36,Stanton Barrett,2015,2015,0.0,0.0
4798235.0,Horror Thriller,77949,en,25.30216,2011-08-17,209696.0,107.0,The Awakening,6.3,458,Nick Murphy ,2011,2011,5119654.607004566,223742.91639955723
4800000.0,Horror,1690,en,38.83192,2005-01-06,80578934.0,94.0,Hostel,5.7,887,Eli Roth,2005,2005,5898789.5545314895,99024619.62385048
0.0,Horror Thriller,49365,en,1.435742,1988-04-22,0.0,112.0,Lady in White,6.3,25,Frank LaLoggia,1988,1988,0.0,0.0
4700000.0,Horror,16337,en,9.617777,1986-08-22,8025872.0,101.0,The Texas Chainsaw Massacre 2,5.9,139,Tobe Hooper,1986,1986,10292270.985401459,17575414.79109489
4500000.0,Drama Horror Mystery Thriller,36419,en,14.570359,2010-04-09,3606395.0,104.0,After.Life,5.4,251,Agnieszka Wojtowicz-Vosloo,2010,2010,4953000.605349085,3969439.2484728694
4400000.0,Comedy Horror,362105,en,3.898737,2015-09-29,0.0,85.0,R.L. Stine's Monsterville: The Cabinet of Souls,6.9,35,Peter DeLuise,2015,2015,4455506.567039495,0.0
114000.0,Horror,10331,en,25.666029,1968-10-01,30000000.0,96.0,Night of the Living Dead,7.5,580,George A. Romero,1968,1968,786229.827586207,206902586.20689657
4000000.0,Horror,287424,en,40.016306,2015-05-08,187112.0,95.0,Maggie,5.2,593,Henry Hobson,2015,2015,4050460.5154904504,189472.4419936123
4500000.0,Horror Comedy,165864,en,2.503612,2013-02-19,0.0,86.0,Hansel and Gretel Get Baked,4.8,67,Duane Journey,2013,2013,4636183.930940045,0.0
4000000.0,Action Horror Science-Fiction Thriller,8337,en,29.852608,1988-11-23,13008928.0,94.0,They Live,7.1,550,John Carpenter,1988,1988,8115198.6475063395,26392508.727776837
5000000.0,Horror Thriller,146203,en,10.605752,2013-02-28,15179302.0,88.0,The Last Exorcism Part II,4.4,203,Ed Gass-Donnelly,2013,2013,5151315.478822272,15638674.670063576
4000000.0,Horror Action Thriller,48572,en,12.062371,2011-08-19,1104682.0,88.0,Red State,5.9,316,Kevin Smith,2011,2011,4267948.199289585,1178681.3881719045
1300000.0,Crime Drama Horror Thriller,48309,en,7.605291,1988-03-04,354704.0,102.0,Prison,6.7,27,Renny Harlin,1988,1988,2637439.5604395606,719623.3552662722
650000.0,Drama Horror Action Thriller Science-Fiction,52015,en,12.496261,2010-09-30,33245.0,98.0,Stake Land,6.2,285,Jim Mickle,2010,2010,715433.4207726456,36591.66780551785
4000000.0,Horror,114635,en,1.390659,2012-10-27,0.0,78.0,The Helpers,4.1,8,Chris Stokes,2012,2012,4181415.8906591637,0.0
3500000.0,Horror,16288,en,10.729884,1987-05-01,14000000.0,92.0,Creepshow 2,5.9,129,Michael Gornick,1987,1987,7394581.866197184,29578327.464788735
3500000.0,Mystery Horror,310131,en,50.319662,2016-02-19,40423945.0,92.0,The Witch,6.3,1434,Robert Eggers,2016,2016,3500000.0,40423945.0
0.0,Horror Thriller,22007,en,3.280081,2008-10-16,0.0,94.0,Train,4.8,36,Gideon Raff,2008,2008,0.0,0.0
3600000.0,Horror Comedy Fantasy,765,en,35.674774,1987-03-13,5923044.0,84.0,Evil Dead II,7.6,742,Sam Raimi,1987,1987,7605855.633802817,12513838.215739436
3500000.0,Fantasy Horror,46146,nb,12.982319,2010-10-29,4159678.0,103.0,Troll Hunter,6.7,583,Andr\u00e9 \u00d8vredal,2010,2010,3852333.8041603994,4578419.4782349495
3500000.0,Horror Thriller Mystery,39303,en,1.271621,2009-04-25,0.0,96.0,02:13,4.6,10,Charles Adelman,2009,2009,3915522.730344882,0.0
3200000.0,Horror Drama Mystery,805,en,26.180367,1968-06-12,33395426.0,136.0,Rosemary's Baby,7.5,863,Roman Polanski,1968,1968,22069609.1954023,230320000.22936785
3000000.0,Horror Thriller,41436,en,22.789649,2010-10-20,177512032.0,91.0,Paranormal Activity 2,5.7,722,Tod Williams,2010,2010,3302000.4035660564,195381600.4339436
3000000.0,Horror,10014,en,21.607228,1985-10-31,29999213.0,87.0,A Nightmare on Elm Street Part 2: Freddy's Revenge,5.7,361,Jack Sholder,1985,1985,6691644.98141264,66914694.37259294
3000000.0,Science-Fiction Horror Thriller,158015,en,54.403033,2013-05-31,89328627.0,86.0,The Purge,6.0,2428,James DeMonaco,2013,2013,3090789.2872933634,92031987.79340824
3000000.0,Horror Thriller Mystery,82507,en,41.045084,2012-03-29,77712439.0,110.0,Sinister,6.7,1573,Scott Derrickson,2012,2012,3136061.9179943725,81237006.83412023
3000000.0,Horror Mystery Thriller,10225,en,11.158167,1986-08-01,19472057.0,86.0,Friday the 13th Part VI: Jason Lives,5.7,216,Tom McLoughlin,1986,1986,6569534.671532847,42640784.529187955
3000000.0,Fantasy Horror Thriller,10285,en,10.341982,1993-08-13,15938065.0,87.0,Jason Goes to Hell: The Final Friday,4.2,193,Adam Marcus,1993,1993,4982844.290657439,26472298.72979239
3000000.0,Action Horror Science-Fiction Thriller,15158,en,5.003615,1988-07-08,7282851.0,97.0,Phantasm II,6.3,94,Don Coscarelli,1988,1988,6086398.985629755,14775445.646297548
0.0,Fantasy Horror Science-Fiction,24126,en,3.107149,1993-05-01,0.0,98.0,Warlock: The Armageddon,5.2,38,Anthony Hickox,1993,1993,0.0,0.0
2800000.0,Comedy Horror,246403,en,15.754614,2014-09-19,1826705.0,102.0,Tusk,5.1,366,Kevin Smith,2014,2014,2838687.8210327113,1851944.727185557
0.0,Horror Science-Fiction Thriller,50942,en,2.857848,1998-05-17,0.0,176.0,Creature,4.0,21,Stuart Gillard,1998,1998,0.0,0.0
0.0,Horror Thriller,38033,en,2.504156,2010-10-01,0.0,96.0,Chain Letter,3.9,37,Deon Taylor,2010,2010,0.0,0.0
3000000.0,Thriller Horror,234212,en,12.564554,2015-02-12,3387000.0,83.0,Demonic,4.9,148,Will Canon,2015,2015,3037845.386617838,3429727.441491539
3000000.0,Thriller Mystery Drama Horror,351043,en,3.077885,2015-08-14,0.0,90.0,Amnesiac,4.1,52,Michael Polish,2015,2015,3037845.386617838,0.0
0.0,Thriller Action Horror,356483,en,0.687656,2015-10-16,0.0,89.0,Unnatural,4.3,12,Hank Braxtan,2015,2015,0.0,0.0
2800000.0,Horror Thriller,10281,en,9.070842,1988-05-13,19170001.0,88.0,Friday the 13th Part VII: The New Blood,5.3,192,John Carl Buechler,1988,1988,5680639.053254438,38892091.546973795
2000000.0,Horror Action Science-Fiction,13025,en,15.351412,2007-09-08,5364858.0,95.0,Diary of the Dead,5.4,190,George A. Romero,2007,2007,2315083.2923382623,6210046.560783633
2600000.0,Horror Thriller,9730,en,14.013414,1984-04-13,32980880.0,91.0,Friday the 13th: The Final Chapter,5.9,237,Joseph Zito,1984,1984,6005949.951876804,76185197.94186717
2600000.0,Horror Thriller,8875,en,3.687574,2007-12-07,0.0,97.0,Timber Falls,5.2,38,Tony Giglio,2007,2007,3009608.280039741,0.0
2500000.0,Comedy Horror,139038,en,18.661541,2013-01-11,60141683.0,86.0,A Haunted House,5.4,516,Michael Tiddes,2013,2013,2575657.739411136,61961756.512064464
2500000.0,Horror Mystery Science-Fiction,10676,en,12.030456,1982-10-22,14400000.0,98.0,Halloween III: Season of the Witch,5.0,229,Tommy Lee Wallace,1982,1982,6217797.927461141,35814516.06217617
0.0,Horror Mystery Thriller,50538,fr,0.205034,2003-10-03,0.0,100.0,Evil Words,6.9,8,\u00c9ric Tessier,2003,2003,0.0,0.0
35000000.0,Horror,332285,en,3.674294,2016-09-02,0.0,94.0,Antibirth,4.8,40,Danny Perez,2016,2016,35000000.0,0.0
0.0,Drama Horror Thriller,13569,en,1.946715,2006-12-01,0.0,101.0,Thr3e,4.8,21,Robby Henson,2006,2006,0.0,0.0
4000000.0,Horror Thriller,9728,en,14.206525,1982-08-13,36690067.0,95.0,Friday the 13th Part III,5.7,254,Steve Miner,1982,1982,9948476.683937825,91252569.02040416
2200000.0,Horror Thriller,9731,en,12.639469,1985-03-22,21930418.0,92.0,Friday the 13th: A New Beginning,5.1,196,Danny Steinmann,1985,1985,4907206.319702603,48916857.18332714
0.0,Action Comedy Horror,16205,en,2.659804,2007-10-09,0.0,85.0,Jack Brooks: Monster Slayer,5.7,59,Jon Knautz,2007,2007,0.0,0.0
1500000.0,Horror Mystery,8329,es,31.691617,2007-04-10,30448000.0,78.0,[REC],7.1,934,Jaume Balaguer\u00f3,2007,2007,1736312.469253697,35244828.04255771
0.0,Thriller Horror Science-Fiction,347548,en,2.122451,2015-07-09,0.0,77.0,Containment,5.1,36,Neil Mcenery-West,2015,2015,0.0,0.0
0.0,Comedy Horror Action,28165,en,1.791331,1989-02-24,0.0,96.0,The Toxic Avenger Part II,5.3,39,Lloyd Kaufman,1989,1989,0.0,0.0
2000000.0,Horror Thriller,270303,en,100.876794,2015-02-04,14674076.0,100.0,It Follows,6.6,1832,David Robert Mitchell,2015,2015,2025230.2577452252,14859191.359826513
2000000.0,Horror Mystery,92182,en,11.66632,2011-01-21,13101672.0,85.0,Silent House,5.2,125,Chris Kentis,2011,2011,2133974.0996447927,13979314.355020694
2000000.0,Comedy Science-Fiction Romance Horror,28260,en,7.502934,1993-10-01,54207.0,97.0,Return of the Living Dead 3,5.9,88,Brian Yuzna,1993,1993,3321896.1937716263,90035.01348788927
100000.0,Horror,115210,en,7.447714,2012-05-19,95000.0,86.0,Stitches,5.5,92,Conor McMahon,2012,2012,104535.39726647909,99308.62740315513
0.0,Mystery Horror History,12602,de,1.296784,1967-10-05,0.0,85.0,The Torture Chamber of Dr. Sadism,6.3,12,Harald Reinl,1967,1967,0.0,0.0
2000000.0,Thriller Mystery Horror Drama,309919,en,2.00163,2015-08-21,0.0,89.0,The Curse of Downers Grove,4.4,24,Derick Martini,2015,2015,2025230.2577452252,0.0
1800000.0,Horror Drama Thriller,38358,en,14.838986,2010-08-27,67738090.0,87.0,The Last Exorcism,5.6,328,Daniel Stamm,2010,2010,1981200.242139634,74557066.83893129
0.0,Thriller Comedy Horror,386826,en,0.060127,2016-03-04,0.0,87.0,A Beginner's Guide to Snuff,0.0,0,Mitchell Altieri,2016,2016,0.0,0.0
500000.0,Drama Horror Thriller Romance,10894,en,8.650779,2002-01-13,150277.0,93.0,May,6.3,152,Lucky McKee,2002,2002,667056.6981656476,200486.55886047805
2000000.0,Thriller Crime Horror,43947,en,26.281839,2010-06-17,572809.0,108.0,I Spit on Your Grave,6.3,519,Steven R. Monroe,2010,2010,2201333.602377371,630471.8497220898
0.0,Thriller Horror,283686,en,3.215465,2014-08-27,0.0,92.0,Out of the Dark,4.6,55,Llu\u00eds Qu\u00edlez,2014,2014,0.0,0.0
1500000.0,Horror Thriller,49018,en,58.594852,2010-09-13,97009150.0,103.0,Insidious,6.8,1737,James Wan,2010,2010,1651000.2017830282,106774750.81653337
0.0,Thriller Action Horror,323271,en,0.06124,2015-08-28,0.0,93.0,Unsullied,3.0,1,Simeon Rice,2015,2015,0.0,0.0
1500000.0,Horror Mystery,10972,en,11.064228,2001-08-10,373967.0,100.0,Session 9,6.2,251,Brad Anderson,2001,2001,2032809.147374365,506802.3589440994
1500000.0,Comedy Horror,1961,en,7.5591,2007-10-01,173066.0,86.0,My Name Is Bruce,5.9,107,Bruce Campbell,2007,2007,1736312.469253697,200331.10253590686
1500000.0,Horror Mystery Science-Fiction,23963,en,4.680206,2009-03-06,32000.0,93.0,Pontypool,6.6,183,Bruce McDonald,2009,2009,1678081.1701478066,35799.06496315321
1500000.0,Horror Thriller,104755,en,14.504326,2012-09-10,1165882.0,101.0,The Lords of Salem,5.1,242,Rob Zombie,2012,2012,1568030.9589971863,1218759.3803583717
1500000.0,Drama Mystery Horror Thriller,301325,de,2.815228,2015-11-20,0.0,90.0,#Horror,3.3,52,Tara Subkoff,2015,2015,1518922.693308919,0.0
0.0,Action Horror Thriller,347755,en,0.446858,2016-01-28,0.0,93.0,Wind Walkers,7.5,6,Russell Friedenberg,2016,2016,0.0,0.0
1.0,Adventure Comedy Horror,48463,en,1.452152,2004-12-17,0.0,94.0,Incident at Loch Ness,5.9,18,Zak Penn,2004,2004,1.270550555849656,0.0
0.0,Thriller Horror,280381,en,0.43049,2014-01-11,0.0,91.0,House at the End of the Drive,0.0,0,David Worth,2014,2014,0.0,0.0
0.0,Horror Comedy,100275,en,0.143784,2012-04-22,1632.0,79.0,Eddie: The Sleepwalking Cannibal,6.1,30,Boris Rodriguez,2012,2012,0.0,1706.0176833889388
1250000.0,Horror Thriller,9725,en,16.517777,1981-05-01,21722776.0,87.0,Friday the 13th Part 2,6.0,315,Steve Miner,1981,1981,3300426.292629263,57355536.84743674
1250000.0,Horror Science-Fiction,23730,en,4.45544,1984-08-31,3412497.0,88.0,C.H.U.D.,5.3,62,Douglas Cheek,1984,1984,2887475.9384023095,7882802.381896053
1200000.0,Horror Mystery Crime,176,en,63.655973,2004-10-01,103911669.0,103.0,Saw,7.2,2184,James Wan,2004,2004,1524660.667019587,132025028.80721547
0.0,Thriller Horror,107315,en,1.36514,2011-10-22,0.0,0.0,Below Zero,4.4,12,Justin Thomas Ostensen,2011,2011,0.0,0.0
0.0,Horror,157422,en,1.906151,2015-10-16,0.0,91.0,The Wicked Within,4.2,26,Jay Alaimo,2015,2015,0.0,0.0
0.0,Horror,310933,en,0.100533,2013-06-01,0.0,0.0,Bleeding Hearts,2.0,1,Dylan Bank,2013,2013,0.0,0.0
1100000.0,Comedy Horror,39895,en,1.220072,1987-09-25,1400000.0,99.0,From a Whisper to a Scream,6.8,15,Jeff Burr,1987,1987,2324011.443661972,2957832.7464788733
1596010.0,Horror,55616,en,0.552361,2002-02-28,0.0,75.0,Dracula: Pages from a Virgin's Diary,6.9,8,Guy Maddin,2002,2002,2129258.3216787106,0.0
0.0,Horror Science-Fiction Action,53502,en,0.249457,2010-05-13,0.0,90.0,The Dead Undead,3.1,6,Matthew R. Anderson,2010,2010,0.0,0.0
0.0,Horror Documentary Mystery,202604,en,0.447166,2013-05-29,0.0,0.0,The Vatican Exorcisms,4.4,11,Joe Marino,2013,2013,0.0,0.0
1000000.0,Horror Thriller,277685,en,41.972329,2015-04-17,62882090.0,82.0,Unfriended,5.5,1047,Levan Gabriadze,2015,2015,1012615.1288726126,63675355.66912922
1000000.0,Drama Horror,11298,en,6.532855,1981-04-03,17985893.0,91.0,The Howling,6.4,161,Joe Dante,1981,1981,2640341.0341034103,47488891.322893284
1000000.0,Horror,9003,en,22.583834,1987-09-11,14564027.0,94.0,Hellraiser,6.9,449,Clive Barker,1987,1987,2112737.676056338,30769968.55800176
1000000.0,Horror Thriller,10092,en,6.926926,2005-09-16,10047674.0,90.0,Cry_Wolf,5.6,126,Jeff Wadlow,2005,2005,1228914.4905273938,12347732.174695339
1000000.0,Adventure Horror Action Science-Fiction,10643,ja,3.322721,1999-12-11,10037390.0,107.0,Godzilla 2000,5.9,43,Takao Okawara,1999,1999,1440618.2472989198,14460047.189255703
1000000.0,Thriller Horror,76487,en,13.152822,2012-01-06,101758490.0,83.0,The Devil Inside,4.6,262,William Brent Bell,2012,2012,1045353.9726647909,106373641.7738704
5000000.0,Action Adventure Horror Thriller,171424,en,17.845161,2014-09-04,6833445.0,100.0,The Green Inferno,5.0,349,Eli Roth,2014,2014,5069085.39470127,6927863.248998884
0.0,Horror,34592,en,1.563711,2009-01-01,0.0,92.0,ZMD: Zombies of Mass Destruction,4.7,31,Kevin Hamedani,2009,2009,0.0,0.0
1000000.0,Horror Thriller,92635,en,0.653495,2012-03-16,0.0,85.0,Snow White: A Deadly Summer,4.8,11,David DeCoteau,2012,2012,1045353.9726647909,0.0
1.0,Horror,287524,en,1.859965,2014-10-31,0.0,95.0,Fear Clinic,4.0,42,Robert Hall,2014,2014,1.013817078940254,0.0
0.0,Horror,323270,en,0.392658,2015-10-27,0.0,0.0,The Horror Network Vol. 1,5.0,2,Joseph Graham,2015,2015,0.0,0.0
800000.0,Horror Comedy,14451,no,11.205726,2009-01-09,1984662.0,91.0,Dead Snow,6.1,311,Tommy Wirkola,2009,2009,894976.6240788301,2220282.620871924
0.0,Horror Science-Fiction,211557,en,0.322553,2012-10-28,0.0,14.0,Vessel,5.9,8,Clark Baker,2012,2012,0.0,0.0
500000.0,Horror Thriller Crime,74725,en,12.203041,2011-09-02,171760.0,95.0,Kill List,6.0,210,Ben Wheatley,2011,2011,533493.5249111982,183265.6956774948
750000.0,Horror Thriller,58428,en,14.386807,2011-12-01,78396.0,102.0,The Innkeepers,5.4,219,Ti West,2011,2011,800240.2873667972,83647.51675787658
0.0,Horror Drama Thriller Crime,13429,en,3.283886,2008-07-18,0.0,99.0,Donkey Punch,4.5,52,Olly Blackburn,2008,2008,0.0,0.0
0.0,Horror,22530,en,1.039149,2008-01-01,0.0,95.0,Bled,3.8,4,Christopher Hutson,2008,2008,0.0,0.0
650.0,Horror Fantasy,158752,en,1.352222,2013-10-11,0.0,90.0,Escape from Tomorrow,4.8,87,Randy Moore,2013,2013,669.6710122468954,0.0
60000.0,Horror Mystery,2667,en,41.690578,1999-07-14,248000000.0,81.0,The Blair Witch Project,6.3,1055,Daniel Myrick,1999,1999,86437.09483793519,357273325.33013207
500000.0,Horror Science-Fiction,30315,en,2.537032,1977-08-24,17000000.0,97.0,Kingdom of the Spiders,5.7,30,John 'Bud' Cardos,1977,1977,1980255.7755775577,67328696.36963697
500000.0,Comedy Drama Fantasy Horror Mystery,45649,en,9.108949,2010-07-09,98017.0,85.0,Rubber,5.7,251,Quentin Dupieux,2010,2010,550333.4005943427,107884.0578521114
500000.0,Comedy Horror,139715,en,2.391847,2012-04-27,0.0,87.0,Detention of the Dead,4.5,34,Alex Craig Mann,2012,2012,522676.98633239546,0.0
500000.0,Horror Comedy,117942,en,1.600171,2012-03-28,0.0,104.0,Girls Gone Dead,3.5,14,Michael Hoffman Jr.,2012,2012,522676.98633239546,0.0
0.0,Music Horror,285743,en,0.674398,2016-03-29,0.0,0.0,Alleluia! The Devil's Carnival,6.0,2,Darren Lynn Bousman,2016,2016,0.0,0.0
0.0,Horror Comedy,17287,en,3.905877,2006-12-26,0.0,103.0,Poultrygeist: Night of the Chicken Dead,5.9,41,Lloyd Kaufman,2006,2006,0.0,0.0
0.0,Horror Drama,308467,en,0.160234,2013-03-01,0.0,90.0,Roadside,4.2,5,Eric England,2013,2013,0.0,0.0
15000.0,Horror Mystery,23827,en,47.456823,2007-09-14,193355800.0,86.0,Paranormal Activity,5.9,1316,Oren Peli,2007,2007,17363.124692536967,223817391.0283493
0.0,Horror Comedy,189711,en,0.133619,2014-03-08,0.0,0.0,Love in the Time of Monsters,5.0,2,Matt Jackson,2014,2014,0.0,0.0
500000.0,Horror Science-Fiction Thriller,18045,en,1.428483,2005-03-11,0.0,80.0,The Dark Hours,5.5,22,Paul Fox,2005,2005,614457.2452636969,0.0
350000.0,Horror,764,en,35.037625,1981-10-15,29400000.0,85.0,The Evil Dead,7.3,894,Sam Raimi,1981,1981,924119.3619361935,77626026.40264025
6000000.0,Horror,103620,en,19.331884,2012-12-26,31081.0,89.0,Maniac,6.0,316,Franck Khalfoun,2012,2012,6272123.835988745,32490.646824394367
8.0,Fantasy Horror Thriller,11980,en,11.818333,1995-09-01,16.0,98.0,The Prophecy,6.4,138,Gregory Widen,1995,1995,12.598792650918634,25.197585301837268
0.0,Horror Drama Thriller,250184,en,1.905197,2014-03-29,0.0,90.0,Locker 13,6.8,3,Jason Marsden,2014,2014,0.0,0.0
0.0,Horror,426067,en,0.001389,1990-01-01,0.0,94.0,Midnight Cabaret,0.0,0,Pece Dingo,1990,1990,0.0,0.0
0.0,Horror,27420,en,1.452199,1981-05-01,0.0,96.0,Graduation Day,5.0,22,Herb Freed,1981,1981,0.0,0.0
300000.0,Comedy Horror Thriller,80468,en,2.733725,2011-04-14,0.0,97.0,Some Guy Who Kills People,5.7,45,Jack Perez,2011,2011,320096.1149467189,0.0
0.0,Horror,325123,en,0.055325,2015-03-10,0.0,96.0,Teeth and Blood,3.0,1,,2015,2015,0.0,0.0
0.0,Horror Thriller,150211,en,1.084387,2012-10-10,0.0,0.0,The Frozen,4.2,14,Andrew Hyatt,2012,2012,0.0,0.0
210000.0,Adventure Horror Science-Fiction,35073,en,2.043661,1953-06-13,5000000.0,80.0,"The Beast from 20,000 Fathoms",6.7,41,Eug\u00e8ne Louri\u00e9,1953,1953,1887695.5056179778,44945131.086142324
450000.0,Crime Horror Thriller,54702,en,1.077321,2004-09-10,0.0,90.0,Malevolence,4.9,14,Stevan Mena,2004,2004,571747.7501323451,0.0
0.0,Drama Comedy Horror,5759,en,3.299345,2008-01-21,0.0,84.0,Baghead,5.8,23,Jay Duplass,2008,2008,0.0,0.0
0.0,Horror,402515,pt,0.018716,2014-10-21,0.0,89.0,American Beast,0.0,0,Livingston Oden,2014,2014,0.0,0.0
0.0,Thriller Drama Horror,50497,en,2.805351,2012-01-31,0.0,86.0,When the Lights Went Out,5.8,49,Pat Holden,2012,2012,0.0,0.0
100000.0,Horror Thriller,299245,en,18.045782,2015-07-10,42664410.0,87.0,The Gallows,4.9,361,Travis Cluff,2015,2015,101261.51288726127,43202627.030423984
10000.0,Drama Fantasy Horror Science-Fiction,985,en,20.399578,1977-03-19,7000000.0,89.0,Eraserhead,7.5,485,David Lynch,1977,1977,39605.11551155116,27723580.85808581
0.0,Comedy Horror Science-Fiction,18841,en,1.680525,2001-09-12,0.0,90.0,The Lost Skeleton of Cadavra,6.5,30,Larry Blamire,2001,2001,0.0,0.0
0.0,Crime Horror,72086,en,0.074005,1971-01-01,0.0,106.0,The Night Visitor,7.3,6,L\u00e1szl\u00f3 Benedek,1971,1971,0.0,0.0
62000.0,Horror Science-Fiction,33468,en,2.407048,1962-02-25,0.0,82.0,The Brain That Wouldn't Die,4.4,32,Joseph Green,1962,1962,492729.60264900664,0.0
60000.0,Thriller Horror,193603,en,0.412342,2012-10-13,0.0,93.0,Hayride,5.1,6,Terron R. Parsons,2012,2012,62721.23835988745,0.0
50000.0,Horror Thriller Fantasy,20981,en,1.777148,2005-01-01,0.0,47.0,The Call of Cthulhu,6.9,41,Andrew Leman,2005,2005,61445.72452636968,0.0
0.0,Horror,228550,en,0.160779,2011-03-27,0.0,83.0,Raymond Did It,3.2,8,Travis Legge,2011,2011,0.0,0.0
50000.0,Thriller Horror,290391,en,0.595809,2015-09-01,0.0,75.0,"Run, Hide, Die",3.5,2,Collin Joseph Neal,2015,2015,50630.756443630635,0.0
0.0,Horror,220490,en,0.056459,2013-04-19,0.0,89.0,Her Cry: La Llorona Investigation,0.0,0,Damir Catic,2013,2013,0.0,0.0
0.0,Thriller Horror,226458,en,3.619167,2015-01-16,0.0,91.0,Backmask,4.7,79,Marcus Nispel,2015,2015,0.0,0.0
12000.0,Horror Comedy Crime,692,en,4.553644,1972-03-12,6000000.0,93.0,Pink Flamingos,6.2,110,John Waters,1972,1972,68901.53110047847,34450765.550239235
13.0,Horror,157185,en,0.332679,2007-01-01,0.0,84.0,Tin Can Man,2.0,1,Ivan Kavanagh,2007,2007,15.048041400198706,0.0
20000.0,Crime Horror Mystery Thriller,36095,ja,0.212443,1997-11-06,99000.0,111.0,Cure,7.4,63,Kiyoshi Kurosawa,1997,1997,29907.414330218067,148041.70093457942
0.0,Thriller Horror Comedy,286939,en,0.166513,2012-01-20,0.0,82.0,Sanctuary: Quite a Conundrum,0.0,0,Thomas L. Phillips,2012,2012,0.0,0.0
